state_id,real_discount,loan_rate,down_payment,sector_abbr
19,0.054158607,0.09,0.4,res
20,0.102514507,0.14,0.4,res
21,0.054158607,0.09,0.4,res
22,0.102514507,0.14,0.4,res