ann_cons_kwh,prob
13154.28885,0.074331776
111675.1269,0.002293131
5203125,0.000186244
474358.9744,0.000226985
217964.0719,0.004859808
233144.2974,0.004618272
33498.07798,0.010598455
68590.63056,0.014722016
68994.0095,0.014087622
1738532.11,0.000634394
21129.6221,0.007161669
24754.86256,0.018103511
2241.838307,0.02076913
129170.231,0.003401865
5772.422253,0.040330583
87221.09533,0.008607971
206412.8257,0.004356366
1094594.595,0.000646034
27911.13096,0.026065447
67868.2688,0.01307783
3100000,0.000116403
458149.7797,0.000660585
909090.9091,6.40E-05
524861.8785,0.000526722
2077.884857,0.081228629
120681.9201,0.006486534
875000,0.000861379
10566.03774,0.003855835
37735.84906,0.000308467
3949.202416,0.037580572
5233333.333,0.000174604
244210.5263,0.001382281
8951219.512,0.000119313
4055555.556,0.000104762
256955.8101,0.001778049
6178571.429,8.15E-05
1515981.735,0.000637304
516666.6667,0.002095246
116210.9375,0.002979906
591836.7347,0.000427779
1774509.804,0.000296827
1304878.049,0.000477251
626865.6716,0.000194974
180776.8924,0.005843409
284894.8375,0.003043927
188498.4026,0.00091085
20794.09918,0.037085861
13501.23329,0.044832453
1735632.184,0.000506351
1085365.854,0.000238625
360000,0.001309529
3152777.778,0.000209525
147512.8645,0.003393135
1502057.613,0.000707146
880952.381,0.000244445
278538.8128,0.000637304
800738.0074,0.000788627
6050.129646,0.013467778
5.00E+05,0.001658737
9272727.273,6.40E-05
419681.6208,0.002010855
396330.2752,0.001585985
1425000,0.000349208
2352380.952,0.000305557
367231.6384,0.000515081
56663.16894,0.002773291
2030674.847,0.000474341
10286.95181,0.005374889
704225.3521,0.001239687
184615.3846,0.000756617
923482.8496,0.001102914
4198.879098,0.161482387
5224.005349,0.069632022
14751.72991,0.038270258
18438.17787,0.002683079
2592.912705,0.016834723
20575.41412,0.033378439
1112359.551,0.000517991
3194444.444,0.000209525
215537.3832,0.00498203
550161.8123,0.00089921
16975.87001,0.047998603
12233.63706,0.080163546
